{"stat.walkOneCm":9560,"stat.pickup.minecraft.stick":7,"stat.craftItem.minecraft.planks":36,"stat.killEntity.jenny":1,"stat.pickup.minecraft.iron_sword":1,"stat.pickup.minecraft.crafting_table":1,"stat.mineBlock.minecraft.crafting_table":1,"stat.damageTaken":70,"stat.craftItem.minecraft.crafting_table":1,"stat.mobKills":1,"stat.useItem.minecraft.diamond_sword":2,"stat.pickup.minecraft.log":9,"stat.flyOneCm":49420,"stat.pickup.dynamictrees.spruceseed":8,"stat.pickup.minecraft.wheat_seeds":1,"stat.jump":166,"stat.swimOneCm":1735,"stat.playOneMinute":8729,"stat.fallOneCm":5263,"stat.damageDealt":202,"stat.pickup.minecraft.porkchop":2,"stat.timeSinceDeath":8729,"stat.pickup.minecraft.dirt":2,"stat.useItem.minecraft.dirt":1,"stat.sprintOneCm":20377,"stat.mineBlock.minecraft.dirt":2,"stat.useItem.minecraft.stone_slab2":2,"stat.useItem.minecraft.spawn_egg":1,"stat.craftItem.minecraft.wooden_pickaxe":1,"stat.pickup.minecraft.bow":1,"stat.mineBlock.minecraft.tallgrass":1,"stat.diveOneCm":1546,"stat.craftingTableInteraction":1}