{"stat.pickup.minecraft.rotten_flesh":1,"stat.walkOneCm":9300,"stat.craftItem.minecraft.planks":16,"stat.leaveGame":2,"stat.craftItem.minecraft.stone_axe":1,"stat.pickup.minecraft.crafting_table":1,"stat.damageTaken":20,"stat.mineBlock.minecraft.crafting_table":1,"stat.pickup.minecraft.leather":3,"stat.craftItem.minecraft.crafting_table":1,"stat.craftItem.minecraft.stone_pickaxe":1,"stat.useItem.minecraft.wooden_pickaxe":7,"stat.pickup.minecraft.cobblestone":7,"stat.mobKills":11,"stat.mineBlock.minecraft.log":4,"stat.pickup.minecraft.log":4,"stat.flyOneCm":45119,"stat.useItem.minecraft.mutton":5,"stat.pickup.minecraft.wheat_seeds":1,"stat.jump":188,"stat.mineBlock.minecraft.leaves":3,"stat.swimOneCm":714,"stat.playOneMinute":12464,"stat.fallOneCm":5805,"stat.pickup.minecraft.beef":2,"stat.killEntity.Sheep":9,"stat.useItem.minecraft.stone_axe":16,"stat.pickup.minecraft.wool":9,"stat.damageDealt":920,"stat.timeSinceDeath":12464,"stat.killEntity.Cow":2,"stat.pickup.minecraft.dirt":1,"stat.sprintOneCm":24406,"stat.mineBlock.minecraft.dirt":1,"stat.useItem.minecraft.stone_slab2":1,"stat.craftItem.minecraft.wooden_pickaxe":1,"stat.mineBlock.minecraft.stone":7,"stat.mineBlock.minecraft.tallgrass":2,"stat.diveOneCm":1756,"stat.pickup.minecraft.mutton":12,"stat.craftItem.minecraft.stick":12,"stat.craftingTableInteraction":2}